,image,subject,contrast,hemi,view
0,s03/tstat03_imagine_rest.nii.gz.s03.lh_medial.png,s03,imagine_rest,lh,medial
1,s03/tstat01_turning_rest.nii.gz.s03.rh_medial.png,s03,turning_rest,rh,medial
2,s03/tstat03_imagine_rest.nii.gz.s03.rh_medial.png,s03,imagine_rest,rh,medial
3,s03/tstat01_turning_rest.nii.gz.s03.lh_medial.png,s03,turning_rest,lh,medial
4,s03/tstat01_turning_rest.nii.gz.s03.rh_lateral.png,s03,turning_rest,rh,lateral
5,s03/tstat04_turning_walking.nii.gz.s03.lh_lateral.png,s03,turning_walking,lh,lateral
6,s03/tstat02_walking_rest.nii.gz.s03.rh_lateral.png,s03,walking_rest,rh,lateral
7,s03/tstat02_walking_rest.nii.gz.s03.lh_medial.png,s03,walking_rest,lh,medial
8,s03/tstat02_walking_rest.nii.gz.s03.rh_medial.png,s03,walking_rest,rh,medial
9,s03/tstat03_imagine_rest.nii.gz.s03.lh_lateral.png,s03,imagine_rest,lh,lateral
10,s03/tstat04_turning_walking.nii.gz.s03.rh_lateral.png,s03,turning_walking,rh,lateral
11,s03/tstat01_turning_rest.nii.gz.s03.lh_lateral.png,s03,turning_rest,lh,lateral
12,s03/tstat04_turning_walking.nii.gz.s03.rh_medial.png,s03,turning_walking,rh,medial
13,s03/tstat04_turning_walking.nii.gz.s03.lh_medial.png,s03,turning_walking,lh,medial
14,s03/tstat03_imagine_rest.nii.gz.s03.rh_lateral.png,s03,imagine_rest,rh,lateral
15,s03/tstat02_walking_rest.nii.gz.s03.lh_lateral.png,s03,walking_rest,lh,lateral
16,s03/SMA_imagine_rest.nii.gz.s03.rh_dorsal.png,s03,imagine_rest,rh,dorsal
17,s03/SMA_imagine_rest.nii.gz.s03.lh_dorsal.png,s03,imagine_rest,lh,dorsal
18,s04/tstat01_turning_rest.nii.gz.s04.rh_lateral.png,s04,turning_rest,rh,lateral
19,s04/SMA_imagine_rest.nii.gz.s04.rh_dorsal.png,s04,imagine_rest,rh,dorsal
20,s04/SMA_imagine_rest.nii.gz.s04.lh_dorsal.png,s04,imagine_rest,lh,dorsal
21,s04/tstat03_imagine_rest.nii.gz.s04.lh_medial.png,s04,imagine_rest,lh,medial
22,s04/tstat01_turning_rest.nii.gz.s04.rh_medial.png,s04,turning_rest,rh,medial
23,s04/tstat04_turning_walking.nii.gz.s04.lh_lateral.png,s04,turning_walking,lh,lateral
24,s04/tstat03_imagine_rest.nii.gz.s04.rh_medial.png,s04,imagine_rest,rh,medial
25,s04/tstat01_turning_rest.nii.gz.s04.lh_medial.png,s04,turning_rest,lh,medial
26,s04/tstat02_walking_rest.nii.gz.s04.rh_lateral.png,s04,walking_rest,rh,lateral
27,s04/tstat03_imagine_rest.nii.gz.s04.lh_lateral.png,s04,imagine_rest,lh,lateral
28,s04/tstat02_walking_rest.nii.gz.s04.lh_medial.png,s04,walking_rest,lh,medial
29,s04/tstat02_walking_rest.nii.gz.s04.rh_medial.png,s04,walking_rest,rh,medial
30,s04/tstat01_turning_rest.nii.gz.s04.lh_lateral.png,s04,turning_rest,lh,lateral
31,s04/tstat04_turning_walking.nii.gz.s04.rh_lateral.png,s04,turning_walking,rh,lateral
32,s04/tstat03_imagine_rest.nii.gz.s04.rh_lateral.png,s04,imagine_rest,rh,lateral
33,s04/tstat02_walking_rest.nii.gz.s04.lh_lateral.png,s04,walking_rest,lh,lateral
34,s04/tstat04_turning_walking.nii.gz.s04.lh_medial.png,s04,turning_walking,lh,medial
35,s04/tstat04_turning_walking.nii.gz.s04.rh_medial.png,s04,turning_walking,rh,medial
36,s05/tstat04_turning_walking.nii.gz.s05.rh_lateral.png,s05,turning_walking,rh,lateral
37,s05/tstat03_imagine_rest.nii.gz.s05.lh_lateral.png,s05,imagine_rest,lh,lateral
38,s05/tstat02_walking_rest.nii.gz.s05.rh_lateral.png,s05,walking_rest,rh,lateral
39,s05/tstat01_turning_rest.nii.gz.s05.rh_lateral.png,s05,turning_rest,rh,lateral
40,s05/tstat04_turning_walking.nii.gz.s05.rh_medial.png,s05,turning_walking,rh,medial
41,s05/tstat04_turning_walking.nii.gz.s05.lh_medial.png,s05,turning_walking,lh,medial
42,s05/SMA_imagine_rest.nii.gz.s05.rh_dorsal.png,s05,imagine_rest,rh,dorsal
43,s05/SMA_imagine_rest.nii.gz.s05.lh_dorsal.png,s05,imagine_rest,lh,dorsal
44,s05/tstat03_imagine_rest.nii.gz.s05.lh_medial.png,s05,imagine_rest,lh,medial
45,s05/tstat01_turning_rest.nii.gz.s05.rh_medial.png,s05,turning_rest,rh,medial
46,s05/tstat03_imagine_rest.nii.gz.s05.rh_medial.png,s05,imagine_rest,rh,medial
47,s05/tstat01_turning_rest.nii.gz.s05.lh_medial.png,s05,turning_rest,lh,medial
48,s05/tstat04_turning_walking.nii.gz.s05.lh_lateral.png,s05,turning_walking,lh,lateral
49,s05/tstat02_walking_rest.nii.gz.s05.lh_lateral.png,s05,walking_rest,lh,lateral
50,s05/tstat03_imagine_rest.nii.gz.s05.rh_lateral.png,s05,imagine_rest,rh,lateral
51,s05/tstat02_walking_rest.nii.gz.s05.lh_medial.png,s05,walking_rest,lh,medial
52,s05/tstat02_walking_rest.nii.gz.s05.rh_medial.png,s05,walking_rest,rh,medial
53,s05/tstat01_turning_rest.nii.gz.s05.lh_lateral.png,s05,turning_rest,lh,lateral
54,s07/tstat03_imagine_rest.nii.gz.s07.rh_lateral.png,s07,imagine_rest,rh,lateral
55,s07/tstat01_turning_rest.nii.gz.s07.lh_medial.png,s07,turning_rest,lh,medial
56,s07/tstat03_imagine_rest.nii.gz.s07.rh_medial.png,s07,imagine_rest,rh,medial
57,s07/tstat01_turning_rest.nii.gz.s07.rh_medial.png,s07,turning_rest,rh,medial
58,s07/tstat03_imagine_rest.nii.gz.s07.lh_medial.png,s07,imagine_rest,lh,medial
59,s07/tstat02_walking_rest.nii.gz.s07.lh_lateral.png,s07,walking_rest,lh,lateral
60,s07/tstat04_turning_walking.nii.gz.s07.lh_medial.png,s07,turning_walking,lh,medial
61,s07/tstat04_turning_walking.nii.gz.s07.rh_medial.png,s07,turning_walking,rh,medial
62,s07/tstat04_turning_walking.nii.gz.s07.rh_lateral.png,s07,turning_walking,rh,lateral
63,s07/tstat01_turning_rest.nii.gz.s07.lh_lateral.png,s07,turning_rest,lh,lateral
64,s07/tstat02_walking_rest.nii.gz.s07.rh_medial.png,s07,walking_rest,rh,medial
65,s07/tstat02_walking_rest.nii.gz.s07.lh_medial.png,s07,walking_rest,lh,medial
66,s07/SMA_imagine_rest.nii.gz.s07.rh_dorsal.png,s07,imagine_rest,rh,dorsal
67,s07/SMA_imagine_rest.nii.gz.s07.lh_dorsal.png,s07,imagine_rest,lh,dorsal
68,s07/tstat02_walking_rest.nii.gz.s07.rh_lateral.png,s07,walking_rest,rh,lateral
69,s07/tstat03_imagine_rest.nii.gz.s07.lh_lateral.png,s07,imagine_rest,lh,lateral
70,s07/tstat04_turning_walking.nii.gz.s07.lh_lateral.png,s07,turning_walking,lh,lateral
71,s07/tstat01_turning_rest.nii.gz.s07.rh_lateral.png,s07,turning_rest,rh,lateral
72,s08/tstat03_imagine_rest.nii.gz.s08.lh_lateral.png,s08,imagine_rest,lh,lateral
73,s08/tstat04_turning_walking.nii.gz.s08.lh_lateral.png,s08,turning_walking,lh,lateral
74,s08/tstat02_walking_rest.nii.gz.s08.rh_lateral.png,s08,walking_rest,rh,lateral
75,s08/tstat03_imagine_rest.nii.gz.s08.rh_medial.png,s08,imagine_rest,rh,medial
76,s08/tstat01_turning_rest.nii.gz.s08.lh_medial.png,s08,turning_rest,lh,medial
77,s08/tstat03_imagine_rest.nii.gz.s08.lh_medial.png,s08,imagine_rest,lh,medial
78,s08/tstat01_turning_rest.nii.gz.s08.rh_medial.png,s08,turning_rest,rh,medial
79,s08/tstat01_turning_rest.nii.gz.s08.rh_lateral.png,s08,turning_rest,rh,lateral
80,s08/tstat04_turning_walking.nii.gz.s08.rh_medial.png,s08,turning_walking,rh,medial
81,s08/tstat04_turning_walking.nii.gz.s08.lh_medial.png,s08,turning_walking,lh,medial
82,s08/tstat02_walking_rest.nii.gz.s08.rh_medial.png,s08,walking_rest,rh,medial
83,s08/tstat02_walking_rest.nii.gz.s08.lh_medial.png,s08,walking_rest,lh,medial
84,s08/tstat02_walking_rest.nii.gz.s08.lh_lateral.png,s08,walking_rest,lh,lateral
85,s08/tstat04_turning_walking.nii.gz.s08.rh_lateral.png,s08,turning_walking,rh,lateral
86,s08/SMA_imagine_rest.nii.gz.s08.rh_dorsal.png,s08,imagine_rest,rh,dorsal
87,s08/SMA_imagine_rest.nii.gz.s08.lh_dorsal.png,s08,imagine_rest,lh,dorsal
88,s08/tstat03_imagine_rest.nii.gz.s08.rh_lateral.png,s08,imagine_rest,rh,lateral
89,s08/tstat01_turning_rest.nii.gz.s08.lh_lateral.png,s08,turning_rest,lh,lateral
90,s09/tstat01_turning_rest.nii.gz.s09.lh_lateral.png,s09,turning_rest,lh,lateral
91,s09/tstat04_turning_walking.nii.gz.s09.lh_lateral.png,s09,turning_walking,lh,lateral
92,s09/tstat02_walking_rest.nii.gz.s09.lh_lateral.png,s09,walking_rest,lh,lateral
93,s09/tstat03_imagine_rest.nii.gz.s09.rh_lateral.png,s09,imagine_rest,rh,lateral
94,s09/tstat04_turning_walking.nii.gz.s09.rh_medial.png,s09,turning_walking,rh,medial
95,s09/tstat04_turning_walking.nii.gz.s09.lh_medial.png,s09,turning_walking,lh,medial
96,s09/tstat01_turning_rest.nii.gz.s09.rh_lateral.png,s09,turning_rest,rh,lateral
97,s09/tstat03_imagine_rest.nii.gz.s09.lh_medial.png,s09,imagine_rest,lh,medial
98,s09/tstat01_turning_rest.nii.gz.s09.rh_medial.png,s09,turning_rest,rh,medial
99,s09/tstat03_imagine_rest.nii.gz.s09.rh_medial.png,s09,imagine_rest,rh,medial
100,s09/tstat01_turning_rest.nii.gz.s09.lh_medial.png,s09,turning_rest,lh,medial
101,s09/tstat04_turning_walking.nii.gz.s09.rh_lateral.png,s09,turning_walking,rh,lateral
102,s09/tstat03_imagine_rest.nii.gz.s09.lh_lateral.png,s09,imagine_rest,lh,lateral
103,s09/tstat02_walking_rest.nii.gz.s09.rh_lateral.png,s09,walking_rest,rh,lateral
104,s09/SMA_imagine_rest.nii.gz.s09.lh_dorsal.png,s09,imagine_rest,lh,dorsal
105,s09/SMA_imagine_rest.nii.gz.s09.rh_dorsal.png,s09,imagine_rest,rh,dorsal
106,s09/tstat02_walking_rest.nii.gz.s09.lh_medial.png,s09,walking_rest,lh,medial
107,s09/tstat02_walking_rest.nii.gz.s09.rh_medial.png,s09,walking_rest,rh,medial
108,s10/tstat01_turning_rest.nii.gz.s10.rh_lateral.png,s10,turning_rest,rh,lateral
109,s10/tstat02_walking_rest.nii.gz.s10.lh_medial.png,s10,walking_rest,lh,medial
110,s10/tstat02_walking_rest.nii.gz.s10.rh_medial.png,s10,walking_rest,rh,medial
111,s10/SMA_imagine_rest.nii.gz.s10.rh_dorsal.png,s10,imagine_rest,rh,dorsal
112,s10/SMA_imagine_rest.nii.gz.s10.lh_dorsal.png,s10,imagine_rest,lh,dorsal
113,s10/tstat04_turning_walking.nii.gz.s10.rh_medial.png,s10,turning_walking,rh,medial
114,s10/tstat04_turning_walking.nii.gz.s10.lh_medial.png,s10,turning_walking,lh,medial
115,s10/tstat04_turning_walking.nii.gz.s10.lh_lateral.png,s10,turning_walking,lh,lateral
116,s10/tstat03_imagine_rest.nii.gz.s10.lh_lateral.png,s10,imagine_rest,lh,lateral
117,s10/tstat02_walking_rest.nii.gz.s10.rh_lateral.png,s10,walking_rest,rh,lateral
118,s10/tstat03_imagine_rest.nii.gz.s10.lh_medial.png,s10,imagine_rest,lh,medial
119,s10/tstat01_turning_rest.nii.gz.s10.rh_medial.png,s10,turning_rest,rh,medial
120,s10/tstat03_imagine_rest.nii.gz.s10.rh_medial.png,s10,imagine_rest,rh,medial
121,s10/tstat01_turning_rest.nii.gz.s10.lh_medial.png,s10,turning_rest,lh,medial
122,s10/tstat01_turning_rest.nii.gz.s10.lh_lateral.png,s10,turning_rest,lh,lateral
123,s10/tstat02_walking_rest.nii.gz.s10.lh_lateral.png,s10,walking_rest,lh,lateral
124,s10/tstat03_imagine_rest.nii.gz.s10.rh_lateral.png,s10,imagine_rest,rh,lateral
125,s10/tstat04_turning_walking.nii.gz.s10.rh_lateral.png,s10,turning_walking,rh,lateral
126,s11/tstat04_turning_walking.nii.gz.s11.lh_lateral.png,s11,turning_walking,lh,lateral
127,s11/tstat01_turning_rest.nii.gz.s11.rh_lateral.png,s11,turning_rest,rh,lateral
128,s11/tstat03_imagine_rest.nii.gz.s11.lh_lateral.png,s11,imagine_rest,lh,lateral
129,s11/tstat02_walking_rest.nii.gz.s11.rh_lateral.png,s11,walking_rest,rh,lateral
130,s11/SMA_imagine_rest.nii.gz.s11.lh_dorsal.png,s11,imagine_rest,lh,dorsal
131,s11/SMA_imagine_rest.nii.gz.s11.rh_dorsal.png,s11,imagine_rest,rh,dorsal
132,s11/tstat03_imagine_rest.nii.gz.s11.lh_medial.png,s11,imagine_rest,lh,medial
133,s11/tstat01_turning_rest.nii.gz.s11.lh_lateral.png,s11,turning_rest,lh,lateral
134,s11/tstat01_turning_rest.nii.gz.s11.rh_medial.png,s11,turning_rest,rh,medial
135,s11/tstat03_imagine_rest.nii.gz.s11.rh_medial.png,s11,imagine_rest,rh,medial
136,s11/tstat01_turning_rest.nii.gz.s11.lh_medial.png,s11,turning_rest,lh,medial
137,s11/tstat04_turning_walking.nii.gz.s11.rh_lateral.png,s11,turning_walking,rh,lateral
138,s11/tstat04_turning_walking.nii.gz.s11.lh_medial.png,s11,turning_walking,lh,medial
139,s11/tstat04_turning_walking.nii.gz.s11.rh_medial.png,s11,turning_walking,rh,medial
140,s11/tstat02_walking_rest.nii.gz.s11.lh_lateral.png,s11,walking_rest,lh,lateral
141,s11/tstat02_walking_rest.nii.gz.s11.lh_medial.png,s11,walking_rest,lh,medial
142,s11/tstat02_walking_rest.nii.gz.s11.rh_medial.png,s11,walking_rest,rh,medial
143,s11/tstat03_imagine_rest.nii.gz.s11.rh_lateral.png,s11,imagine_rest,rh,lateral
144,s12/tstat01_turning_rest.nii.gz.s12.rh_lateral.png,s12,turning_rest,rh,lateral
145,s12/tstat04_turning_walking.nii.gz.s12.rh_lateral.png,s12,turning_walking,rh,lateral
146,s12/tstat02_walking_rest.nii.gz.s12.rh_lateral.png,s12,walking_rest,rh,lateral
147,s12/tstat03_imagine_rest.nii.gz.s12.lh_lateral.png,s12,imagine_rest,lh,lateral
148,s12/tstat01_turning_rest.nii.gz.s12.lh_medial.png,s12,turning_rest,lh,medial
149,s12/tstat03_imagine_rest.nii.gz.s12.rh_medial.png,s12,imagine_rest,rh,medial
150,s12/tstat01_turning_rest.nii.gz.s12.rh_medial.png,s12,turning_rest,rh,medial
151,s12/tstat03_imagine_rest.nii.gz.s12.lh_medial.png,s12,imagine_rest,lh,medial
152,s12/tstat01_turning_rest.nii.gz.s12.lh_lateral.png,s12,turning_rest,lh,lateral
153,s12/SMA_imagine_rest.nii.gz.s12.rh_dorsal.png,s12,imagine_rest,rh,dorsal
154,s12/SMA_imagine_rest.nii.gz.s12.lh_dorsal.png,s12,imagine_rest,lh,dorsal
155,s12/tstat02_walking_rest.nii.gz.s12.rh_medial.png,s12,walking_rest,rh,medial
156,s12/tstat04_turning_walking.nii.gz.s12.rh_medial.png,s12,turning_walking,rh,medial
157,s12/tstat02_walking_rest.nii.gz.s12.lh_medial.png,s12,walking_rest,lh,medial
158,s12/tstat04_turning_walking.nii.gz.s12.lh_medial.png,s12,turning_walking,lh,medial
159,s12/tstat03_imagine_rest.nii.gz.s12.rh_lateral.png,s12,imagine_rest,rh,lateral
160,s12/tstat02_walking_rest.nii.gz.s12.lh_lateral.png,s12,walking_rest,lh,lateral
161,s12/tstat04_turning_walking.nii.gz.s12.lh_lateral.png,s12,turning_walking,lh,lateral
162,s13/tstat02_walking_rest.nii.gz.s13.rh_lateral.png,s13,walking_rest,rh,lateral
163,s13/tstat03_imagine_rest.nii.gz.s13.lh_lateral.png,s13,imagine_rest,lh,lateral
164,s13/tstat04_turning_walking.nii.gz.s13.lh_medial.png,s13,turning_walking,lh,medial
165,s13/tstat04_turning_walking.nii.gz.s13.rh_medial.png,s13,turning_walking,rh,medial
166,s13/tstat01_turning_rest.nii.gz.s13.rh_lateral.png,s13,turning_rest,rh,lateral
167,s13/tstat04_turning_walking.nii.gz.s13.rh_lateral.png,s13,turning_walking,rh,lateral
168,s13/tstat03_imagine_rest.nii.gz.s13.rh_lateral.png,s13,imagine_rest,rh,lateral
169,s13/tstat02_walking_rest.nii.gz.s13.lh_lateral.png,s13,walking_rest,lh,lateral
170,s13/tstat03_imagine_rest.nii.gz.s13.rh_medial.png,s13,imagine_rest,rh,medial
171,s13/SMA_imagine_rest.nii.gz.s13.lh_dorsal.png,s13,imagine_rest,lh,dorsal
172,s13/tstat01_turning_rest.nii.gz.s13.lh_medial.png,s13,turning_rest,lh,medial
173,s13/tstat03_imagine_rest.nii.gz.s13.lh_medial.png,s13,imagine_rest,lh,medial
174,s13/SMA_imagine_rest.nii.gz.s13.rh_dorsal.png,s13,imagine_rest,rh,dorsal
175,s13/tstat01_turning_rest.nii.gz.s13.rh_medial.png,s13,turning_rest,rh,medial
176,s13/tstat01_turning_rest.nii.gz.s13.lh_lateral.png,s13,turning_rest,lh,lateral
177,s13/tstat04_turning_walking.nii.gz.s13.lh_lateral.png,s13,turning_walking,lh,lateral
178,s13/tstat02_walking_rest.nii.gz.s13.rh_medial.png,s13,walking_rest,rh,medial
179,s13/tstat02_walking_rest.nii.gz.s13.lh_medial.png,s13,walking_rest,lh,medial
180,s14/tstat04_turning_walking.nii.gz.s14.lh_lateral.png,s14,turning_walking,lh,lateral
181,s14/tstat03_imagine_rest.nii.gz.s14.lh_medial.png,s14,imagine_rest,lh,medial
182,s14/tstat01_turning_rest.nii.gz.s14.rh_medial.png,s14,turning_rest,rh,medial
183,s14/tstat03_imagine_rest.nii.gz.s14.rh_lateral.png,s14,imagine_rest,rh,lateral
184,s14/tstat03_imagine_rest.nii.gz.s14.rh_medial.png,s14,imagine_rest,rh,medial
185,s14/tstat01_turning_rest.nii.gz.s14.lh_medial.png,s14,turning_rest,lh,medial
186,s14/SMA_imagine_rest.nii.gz.s14.lh_dorsal.png,s14,imagine_rest,lh,dorsal
187,s14/SMA_imagine_rest.nii.gz.s14.rh_dorsal.png,s14,imagine_rest,rh,dorsal
188,s14/tstat02_walking_rest.nii.gz.s14.lh_lateral.png,s14,walking_rest,lh,lateral
189,s14/tstat01_turning_rest.nii.gz.s14.lh_lateral.png,s14,turning_rest,lh,lateral
190,s14/tstat04_turning_walking.nii.gz.s14.lh_medial.png,s14,turning_walking,lh,medial
191,s14/tstat04_turning_walking.nii.gz.s14.rh_medial.png,s14,turning_walking,rh,medial
192,s14/tstat02_walking_rest.nii.gz.s14.lh_medial.png,s14,walking_rest,lh,medial
193,s14/tstat02_walking_rest.nii.gz.s14.rh_medial.png,s14,walking_rest,rh,medial
194,s14/tstat02_walking_rest.nii.gz.s14.rh_lateral.png,s14,walking_rest,rh,lateral
195,s14/tstat03_imagine_rest.nii.gz.s14.lh_lateral.png,s14,imagine_rest,lh,lateral
196,s14/tstat04_turning_walking.nii.gz.s14.rh_lateral.png,s14,turning_walking,rh,lateral
197,s14/tstat01_turning_rest.nii.gz.s14.rh_lateral.png,s14,turning_rest,rh,lateral
198,s15/tstat03_imagine_rest.nii.gz.s15.lh_lateral.png,s15,imagine_rest,lh,lateral
199,s15/tstat02_walking_rest.nii.gz.s15.rh_lateral.png,s15,walking_rest,rh,lateral
200,s15/tstat04_turning_walking.nii.gz.s15.rh_lateral.png,s15,turning_walking,rh,lateral
201,s15/tstat01_turning_rest.nii.gz.s15.rh_lateral.png,s15,turning_rest,rh,lateral
202,s15/tstat04_turning_walking.nii.gz.s15.lh_medial.png,s15,turning_walking,lh,medial
203,s15/tstat04_turning_walking.nii.gz.s15.rh_medial.png,s15,turning_walking,rh,medial
204,s15/tstat02_walking_rest.nii.gz.s15.lh_lateral.png,s15,walking_rest,lh,lateral
205,s15/tstat03_imagine_rest.nii.gz.s15.rh_lateral.png,s15,imagine_rest,rh,lateral
206,s15/tstat04_turning_walking.nii.gz.s15.lh_lateral.png,s15,turning_walking,lh,lateral
207,s15/tstat02_walking_rest.nii.gz.s15.rh_medial.png,s15,walking_rest,rh,medial
208,s15/tstat02_walking_rest.nii.gz.s15.lh_medial.png,s15,walking_rest,lh,medial
209,s15/SMA_imagine_rest.nii.gz.s15.rh_dorsal.png,s15,imagine_rest,rh,dorsal
210,s15/SMA_imagine_rest.nii.gz.s15.lh_dorsal.png,s15,imagine_rest,lh,dorsal
211,s15/tstat01_turning_rest.nii.gz.s15.lh_lateral.png,s15,turning_rest,lh,lateral
212,s15/tstat03_imagine_rest.nii.gz.s15.rh_medial.png,s15,imagine_rest,rh,medial
213,s15/tstat01_turning_rest.nii.gz.s15.lh_medial.png,s15,turning_rest,lh,medial
214,s15/tstat03_imagine_rest.nii.gz.s15.lh_medial.png,s15,imagine_rest,lh,medial
215,s15/tstat01_turning_rest.nii.gz.s15.rh_medial.png,s15,turning_rest,rh,medial
216,s16/tstat01_turning_rest.nii.gz.s16.lh_lateral.png,s16,turning_rest,lh,lateral
217,s16/tstat04_turning_walking.nii.gz.s16.rh_lateral.png,s16,turning_walking,rh,lateral
218,s16/tstat03_imagine_rest.nii.gz.s16.rh_lateral.png,s16,imagine_rest,rh,lateral
219,s16/tstat04_turning_walking.nii.gz.s16.rh_medial.png,s16,turning_walking,rh,medial
220,s16/tstat04_turning_walking.nii.gz.s16.lh_medial.png,s16,turning_walking,lh,medial
221,s16/tstat02_walking_rest.nii.gz.s16.lh_lateral.png,s16,walking_rest,lh,lateral
222,s16/tstat02_walking_rest.nii.gz.s16.lh_medial.png,s16,walking_rest,lh,medial
223,s16/tstat02_walking_rest.nii.gz.s16.rh_medial.png,s16,walking_rest,rh,medial
224,s16/tstat01_turning_rest.nii.gz.s16.rh_lateral.png,s16,turning_rest,rh,lateral
225,s16/tstat01_turning_rest.nii.gz.s16.rh_medial.png,s16,turning_rest,rh,medial
226,s16/tstat03_imagine_rest.nii.gz.s16.lh_medial.png,s16,imagine_rest,lh,medial
227,s16/tstat01_turning_rest.nii.gz.s16.lh_medial.png,s16,turning_rest,lh,medial
228,s16/tstat03_imagine_rest.nii.gz.s16.rh_medial.png,s16,imagine_rest,rh,medial
229,s16/tstat04_turning_walking.nii.gz.s16.lh_lateral.png,s16,turning_walking,lh,lateral
230,s16/tstat02_walking_rest.nii.gz.s16.rh_lateral.png,s16,walking_rest,rh,lateral
231,s16/SMA_imagine_rest.nii.gz.s16.rh_dorsal.png,s16,imagine_rest,rh,dorsal
232,s16/SMA_imagine_rest.nii.gz.s16.lh_dorsal.png,s16,imagine_rest,lh,dorsal
233,s16/tstat03_imagine_rest.nii.gz.s16.lh_lateral.png,s16,imagine_rest,lh,lateral
234,s17/tstat01_turning_rest.nii.gz.s17.rh_medial.png,s17,turning_rest,rh,medial
235,s17/tstat03_imagine_rest.nii.gz.s17.lh_medial.png,s17,imagine_rest,lh,medial
236,s17/tstat01_turning_rest.nii.gz.s17.lh_medial.png,s17,turning_rest,lh,medial
237,s17/tstat03_imagine_rest.nii.gz.s17.rh_medial.png,s17,imagine_rest,rh,medial
238,s17/SMA_imagine_rest.nii.gz.s17.rh_dorsal.png,s17,imagine_rest,rh,dorsal
239,s17/SMA_imagine_rest.nii.gz.s17.lh_dorsal.png,s17,imagine_rest,lh,dorsal
240,s17/tstat01_turning_rest.nii.gz.s17.rh_lateral.png,s17,turning_rest,rh,lateral
241,s17/tstat04_turning_walking.nii.gz.s17.lh_lateral.png,s17,turning_walking,lh,lateral
242,s17/tstat04_turning_walking.nii.gz.s17.lh_medial.png,s17,turning_walking,lh,medial
243,s17/tstat04_turning_walking.nii.gz.s17.rh_medial.png,s17,turning_walking,rh,medial
244,s17/tstat02_walking_rest.nii.gz.s17.lh_medial.png,s17,walking_rest,lh,medial
245,s17/tstat02_walking_rest.nii.gz.s17.rh_medial.png,s17,walking_rest,rh,medial
246,s17/tstat02_walking_rest.nii.gz.s17.rh_lateral.png,s17,walking_rest,rh,lateral
247,s17/tstat03_imagine_rest.nii.gz.s17.lh_lateral.png,s17,imagine_rest,lh,lateral
248,s17/tstat04_turning_walking.nii.gz.s17.rh_lateral.png,s17,turning_walking,rh,lateral
249,s17/tstat01_turning_rest.nii.gz.s17.lh_lateral.png,s17,turning_rest,lh,lateral
250,s17/tstat03_imagine_rest.nii.gz.s17.rh_lateral.png,s17,imagine_rest,rh,lateral
251,s17/tstat02_walking_rest.nii.gz.s17.lh_lateral.png,s17,walking_rest,lh,lateral
252,s18/tstat02_walking_rest.nii.gz.s18.rh_lateral.png,s18,walking_rest,rh,lateral
253,s18/tstat03_imagine_rest.nii.gz.s18.lh_lateral.png,s18,imagine_rest,lh,lateral
254,s18/tstat04_turning_walking.nii.gz.s18.rh_lateral.png,s18,turning_walking,rh,lateral
255,s18/tstat01_turning_rest.nii.gz.s18.rh_lateral.png,s18,turning_rest,rh,lateral
256,s18/SMA_imagine_rest.nii.gz.s18.rh_dorsal.png,s18,imagine_rest,rh,dorsal
257,s18/SMA_imagine_rest.nii.gz.s18.lh_dorsal.png,s18,imagine_rest,lh,dorsal
258,s18/tstat03_imagine_rest.nii.gz.s18.lh_medial.png,s18,imagine_rest,lh,medial
259,s18/tstat01_turning_rest.nii.gz.s18.rh_medial.png,s18,turning_rest,rh,medial
260,s18/tstat03_imagine_rest.nii.gz.s18.rh_medial.png,s18,imagine_rest,rh,medial
261,s18/tstat01_turning_rest.nii.gz.s18.lh_medial.png,s18,turning_rest,lh,medial
262,s18/tstat03_imagine_rest.nii.gz.s18.rh_lateral.png,s18,imagine_rest,rh,lateral
263,s18/tstat02_walking_rest.nii.gz.s18.lh_lateral.png,s18,walking_rest,lh,lateral
264,s18/tstat02_walking_rest.nii.gz.s18.lh_medial.png,s18,walking_rest,lh,medial
265,s18/tstat02_walking_rest.nii.gz.s18.rh_medial.png,s18,walking_rest,rh,medial
266,s18/tstat04_turning_walking.nii.gz.s18.lh_lateral.png,s18,turning_walking,lh,lateral
267,s18/tstat04_turning_walking.nii.gz.s18.rh_medial.png,s18,turning_walking,rh,medial
268,s18/tstat04_turning_walking.nii.gz.s18.lh_medial.png,s18,turning_walking,lh,medial
269,s18/tstat01_turning_rest.nii.gz.s18.lh_lateral.png,s18,turning_rest,lh,lateral
270,s19/tstat01_turning_rest.nii.gz.s19.rh_lateral.png,s19,turning_rest,rh,lateral
271,s19/tstat04_turning_walking.nii.gz.s19.lh_lateral.png,s19,turning_walking,lh,lateral
272,s19/tstat03_imagine_rest.nii.gz.s19.lh_lateral.png,s19,imagine_rest,lh,lateral
273,s19/SMA_imagine_rest.nii.gz.s19.lh_dorsal.png,s19,imagine_rest,lh,dorsal
274,s19/SMA_imagine_rest.nii.gz.s19.rh_dorsal.png,s19,imagine_rest,rh,dorsal
275,s19/tstat02_walking_rest.nii.gz.s19.rh_lateral.png,s19,walking_rest,rh,lateral
276,s19/tstat04_turning_walking.nii.gz.s19.lh_medial.png,s19,turning_walking,lh,medial
277,s19/tstat04_turning_walking.nii.gz.s19.rh_medial.png,s19,turning_walking,rh,medial
278,s19/tstat04_turning_walking.nii.gz.s19.rh_lateral.png,s19,turning_walking,rh,lateral
279,s19/tstat01_turning_rest.nii.gz.s19.lh_lateral.png,s19,turning_rest,lh,lateral
280,s19/tstat03_imagine_rest.nii.gz.s19.rh_medial.png,s19,imagine_rest,rh,medial
281,s19/tstat01_turning_rest.nii.gz.s19.lh_medial.png,s19,turning_rest,lh,medial
282,s19/tstat03_imagine_rest.nii.gz.s19.lh_medial.png,s19,imagine_rest,lh,medial
283,s19/tstat01_turning_rest.nii.gz.s19.rh_medial.png,s19,turning_rest,rh,medial
284,s19/tstat02_walking_rest.nii.gz.s19.lh_lateral.png,s19,walking_rest,lh,lateral
285,s19/tstat03_imagine_rest.nii.gz.s19.rh_lateral.png,s19,imagine_rest,rh,lateral
286,s19/tstat02_walking_rest.nii.gz.s19.rh_medial.png,s19,walking_rest,rh,medial
287,s19/tstat02_walking_rest.nii.gz.s19.lh_medial.png,s19,walking_rest,lh,medial
288,s20/tstat04_turning_walking.nii.gz.s20.lh_lateral.png,s20,turning_walking,lh,lateral
289,s20/SMA_imagine_rest.nii.gz.s20.lh_dorsal.png,s20,imagine_rest,lh,dorsal
290,s20/tstat02_walking_rest.nii.gz.s20.rh_medial.png,s20,walking_rest,rh,medial
291,s20/SMA_imagine_rest.nii.gz.s20.rh_dorsal.png,s20,imagine_rest,rh,dorsal
292,s20/tstat02_walking_rest.nii.gz.s20.lh_medial.png,s20,walking_rest,lh,medial
293,s20/tstat01_turning_rest.nii.gz.s20.rh_lateral.png,s20,turning_rest,rh,lateral
294,s20/tstat02_walking_rest.nii.gz.s20.rh_lateral.png,s20,walking_rest,rh,lateral
295,s20/tstat03_imagine_rest.nii.gz.s20.rh_medial.png,s20,imagine_rest,rh,medial
296,s20/tstat01_turning_rest.nii.gz.s20.lh_medial.png,s20,turning_rest,lh,medial
297,s20/tstat03_imagine_rest.nii.gz.s20.lh_medial.png,s20,imagine_rest,lh,medial
298,s20/tstat01_turning_rest.nii.gz.s20.rh_medial.png,s20,turning_rest,rh,medial
299,s20/tstat03_imagine_rest.nii.gz.s20.lh_lateral.png,s20,imagine_rest,lh,lateral
300,s20/tstat01_turning_rest.nii.gz.s20.lh_lateral.png,s20,turning_rest,lh,lateral
301,s20/tstat04_turning_walking.nii.gz.s20.rh_lateral.png,s20,turning_walking,rh,lateral
302,s20/tstat04_turning_walking.nii.gz.s20.lh_medial.png,s20,turning_walking,lh,medial
303,s20/tstat04_turning_walking.nii.gz.s20.rh_medial.png,s20,turning_walking,rh,medial
304,s20/tstat03_imagine_rest.nii.gz.s20.rh_lateral.png,s20,imagine_rest,rh,lateral
305,s20/tstat02_walking_rest.nii.gz.s20.lh_lateral.png,s20,walking_rest,lh,lateral
306,s22/tstat01_turning_rest.nii.gz.s22.rh_lateral.png,s22,turning_rest,rh,lateral
307,s22/tstat04_turning_walking.nii.gz.s22.rh_medial.png,s22,turning_walking,rh,medial
308,s22/tstat04_turning_walking.nii.gz.s22.lh_medial.png,s22,turning_walking,lh,medial
309,s22/tstat01_turning_rest.nii.gz.s22.rh_medial.png,s22,turning_rest,rh,medial
310,s22/tstat03_imagine_rest.nii.gz.s22.lh_medial.png,s22,imagine_rest,lh,medial
311,s22/tstat01_turning_rest.nii.gz.s22.lh_medial.png,s22,turning_rest,lh,medial
312,s22/tstat03_imagine_rest.nii.gz.s22.rh_medial.png,s22,imagine_rest,rh,medial
313,s22/tstat03_imagine_rest.nii.gz.s22.lh_lateral.png,s22,imagine_rest,lh,lateral
314,s22/tstat02_walking_rest.nii.gz.s22.rh_lateral.png,s22,walking_rest,rh,lateral
315,s22/tstat02_walking_rest.nii.gz.s22.lh_medial.png,s22,walking_rest,lh,medial
316,s22/tstat02_walking_rest.nii.gz.s22.rh_medial.png,s22,walking_rest,rh,medial
317,s22/tstat04_turning_walking.nii.gz.s22.rh_lateral.png,s22,turning_walking,rh,lateral
318,s22/tstat01_turning_rest.nii.gz.s22.lh_lateral.png,s22,turning_rest,lh,lateral
319,s22/tstat02_walking_rest.nii.gz.s22.lh_lateral.png,s22,walking_rest,lh,lateral
320,s22/tstat03_imagine_rest.nii.gz.s22.rh_lateral.png,s22,imagine_rest,rh,lateral
321,s22/tstat04_turning_walking.nii.gz.s22.lh_lateral.png,s22,turning_walking,lh,lateral
322,s22/SMA_imagine_rest.nii.gz.s22.rh_dorsal.png,s22,imagine_rest,rh,dorsal
323,s22/SMA_imagine_rest.nii.gz.s22.lh_dorsal.png,s22,imagine_rest,lh,dorsal
